Customer_ID,Feedback_Date,Product_ID,Rating,Comments
1,2018-02-16,P001,1,like start nearly grow add film
2,2018-04-13,P002,4,whom still case door certain century mean ability
3,2018-02-02,P003,1,follow new special beat address
4,2018-04-08,P004,5,development strong lose send certain say health
5,2018-02-22,P005,3,seem response quickly budget
6,2018-02-26,P006,3,everybody too race perform voice take the camera
7,2018-06-16,P007,3,let growth various thank low
8,2018-06-29,P008,2,group then minute could wind wall drug
9,2018-08-01,P009,5,account ever wife lawyer yard american by
10,2018-05-17,P010,5,though old situation successful respond long heavy past
11,2018-08-22,P011,2,much agree start throw color
12,2018-08-07,P012,4,newspaper inside we option ever impact central authority
13,2018-07-26,P013,2,game course provide their catch according
14,2018-04-07,P014,1,produce recently century father positive
15,2018-06-06,P015,2,dinner act find act everything value
16,2018-01-25,P016,1,many call anyone avoid none around others
17,2018-08-03,P017,2,determine political address return response
18,2018-02-15,P018,2,by station month east agency
19,2018-03-05,P019,5,sea not court dark interesting east health
20,2018-04-20,P020,1,small quickly meeting say very
21,2018-05-15,P021,4,most dark budget think analysis through
22,2018-07-22,P022,1,want capital common need consider ahead
23,2018-08-11,P023,5,list admit personal research amount significant thought community
24,2018-03-28,P024,5,machine degree first eat college true sing spend
25,2018-07-27,P025,4,whole for case account too kitchen
26,2018-01-02,P026,1,information final plan cold similar
27,2018-05-11,P027,3,by share news any play become hot way
28,2018-01-12,P028,3,action pull exactly employee clearly expert fill
29,2018-04-25,P029,5,position bag voice our movie them coach interesting
30,2018-03-01,P030,4,central line listen stock key
31,2018-07-04,P031,5,economic kid relate
32,2018-04-26,P032,5,present even senior generation
33,2018-08-21,P033,2,suffer physical interview increase tree
34,2018-01-27,P034,5,task focus fill policy federal organization recent
35,2018-08-21,P035,5,oil night early instead
36,2018-07-18,P036,4,off around senior
37,2018-01-20,P037,4,sound partner would
38,2018-01-26,P038,4,type past consider well tv
39,2018-02-23,P039,4,floor activity need line nor safe ability
40,2018-01-13,P040,5,fund wife scene hold
41,2018-08-07,P041,4,front include above some exactly to
42,2018-06-04,P042,5,such become force
43,2018-07-13,P043,3,safe daughter decision talk who campaign
44,2018-05-02,P044,2,score i them others interest expert box
45,2018-03-01,P045,2,concern recently risk participant whatever
46,2018-06-11,P046,3,specific attention really conference suddenly budget analysis final
47,2018-04-07,P047,1,dream actually skill
48,2018-05-10,P048,4,skin fine the can still support goal capital
49,2018-07-09,P049,5,ready grow size base often next before
50,2018-04-27,P050,3,activity pull heavy
51,2018-02-01,P051,2,operation dog treat this body
52,2018-03-07,P052,3,live tend peace edge
53,2018-05-01,P053,5,nearly black across military do mouth couple work
54,2018-03-21,P054,5,drug product fear
55,2018-03-03,P055,2,whether tax light reflect president
56,2018-07-09,P056,2,business democratic laugh assume security church force leg
57,2018-08-08,P057,4,growth article leader before minute including
58,2018-02-03,P058,2,affect song water build city yard
59,2018-01-10,P059,3,find south there around her agreement win
60,2018-06-11,P060,4,win forward child more stage american interest
61,2018-01-18,P061,3,serve father remember front
62,2018-06-09,P062,4,cause civil action how staff
63,2018-02-21,P063,4,those many travel anyone
64,2018-06-15,P064,5,second teacher nor child
65,2018-05-10,P065,4,relate chance daughter key music best husband
66,2018-07-26,P066,3,road dinner describe watch forget against something
67,2018-05-31,P067,1,political high six final particular third yet
68,2018-02-13,P068,1,attorney industry push hospital
69,2018-03-17,P069,3,right south show can
70,2018-03-10,P070,5,admit mention from full
71,2018-07-03,P071,2,they wife finally
72,2018-02-07,P072,4,throughout drop tv want
73,2018-03-27,P073,5,be offer special quickly
74,2018-01-24,P074,4,brother work film evidence forward
75,2018-01-24,P075,1,sure us story crime who at create
76,2018-03-16,P076,1,information identify run take who issue
77,2018-06-07,P077,2,late more unit market team soldier shake
78,2018-05-19,P078,4,design would again american
79,2018-04-16,P079,3,the picture past ten
80,2018-05-11,P080,2,director place sign dark player
81,2018-03-03,P081,2,own choose letter industry morning simple
82,2018-03-21,P082,2,word yourself method
83,2018-03-29,P083,1,perform trip method among recognize nearly consumer
84,2018-02-25,P084,1,citizen big throughout partner
85,2018-01-17,P085,5,security ground speech long appear
86,2018-05-10,P086,3,camera add network city amount
87,2018-03-10,P087,3,begin meeting move public throw your specific
88,2018-04-18,P088,3,once company culture than prepare each picture
89,2018-01-12,P089,1,property series five risk inside
90,2018-07-04,P090,4,likely trip bank structure difference
91,2018-02-21,P091,3,team pretty series travel three group school
92,2018-04-13,P092,3,nice ago officer old wife specific
93,2018-04-19,P093,1,design population spend director
94,2018-01-07,P094,1,anyone choice treatment support since official
95,2018-02-23,P095,1,paper personal front single hit
96,2018-03-26,P096,1,chair try create radio become
97,2018-02-05,P097,4,around fly everyone phone mr
98,2018-03-23,P098,3,pressure wind card small nice all member room
99,2018-06-08,P099,1,window she full hundred firm tend
100,2018-03-23,P100,4,already scene east affect
101,2018-02-11,P101,1,history success likely what range
102,2018-02-13,P102,4,story price letter throw
103,2018-02-07,P103,1,father laugh inside character
104,2018-05-15,P104,2,camera describe wait low especially congress
105,2018-02-13,P105,1,animal or treatment a car affect agent
106,2018-03-01,P106,4,room anyone official morning
107,2018-07-07,P107,2,time focus capital
108,2018-08-13,P108,1,notice stuff born eat beyond keep
109,2018-02-02,P109,3,such yard here position religious
110,2018-05-15,P110,4,beat parent night congress house light either
111,2018-03-29,P111,3,teach real claim environment hold together
112,2018-06-07,P112,5,grow vote kitchen else everyone expect
113,2018-05-25,P113,3,north some republican should life
114,2018-06-30,P114,3,always involve attorney direction the culture grow
115,2018-08-04,P115,4,skin drive know source
116,2018-04-06,P116,2,reality blood politics measure agreement
117,2018-08-04,P117,5,until training card section increase
118,2018-04-04,P118,4,space window coach economy often defense
119,2018-08-20,P119,5,threat american attention natural cover
120,2018-06-28,P120,1,among half while cause
121,2018-03-28,P121,1,product since hard last research school sing
122,2018-02-15,P122,2,wind gun record could key
123,2018-03-07,P123,2,dog window develop girl floor
124,2018-03-10,P124,1,we miss around team detail region very
125,2018-03-12,P125,5,conference help fish federal big design
126,2018-07-01,P126,2,work adult technology building hold perform instead
127,2018-08-07,P127,3,particularly site hotel product summer cover kind
128,2018-04-10,P128,5,single what not edge
129,2018-02-01,P129,1,nearly anyone wife fall strategy site mrs
130,2018-01-25,P130,1,she step century oil bed affect money
131,2018-07-23,P131,5,sea partner admit charge while
132,2018-02-24,P132,5,any leader response admit factor me
133,2018-07-25,P133,4,every picture far measure
134,2018-04-23,P134,2,page what production style
135,2018-07-21,P135,5,fact dog leg dark perhaps
136,2018-02-24,P136,5,plant raise according hundred election must face bar
137,2018-04-01,P137,1,spend left there protect middle identify
138,2018-05-26,P138,5,too discussion theory religious
139,2018-05-06,P139,2,fact movie eye could
140,2018-07-02,P140,3,child maybe concern last lose writer several generation
141,2018-07-26,P141,1,give pm build social adult among challenge
142,2018-02-05,P142,1,art early section save may produce
143,2018-04-18,P143,3,surface amount drug relationship hundred vote approach know
144,2018-03-18,P144,1,cost fight feeling spring field
145,2018-05-11,P145,1,develop fact party small participant
146,2018-07-09,P146,2,through couple party camera until effect song
147,2018-02-19,P147,5,three meet herself of
148,2018-04-14,P148,4,morning dark a energy early
149,2018-02-22,P149,2,a final prove
150,2018-05-24,P150,4,street truth certainly here through
151,2018-01-28,P151,3,left near nor early because
152,2018-03-30,P152,5,food standard stop success particularly
153,2018-05-19,P153,4,seem energy rule response wife travel office
154,2018-01-30,P154,2,west late send
155,2018-02-20,P155,2,total admit for quality
156,2018-02-19,P156,5,significant upon doctor fire
157,2018-08-12,P157,3,increase thank test kitchen
158,2018-02-03,P158,4,find guy get day
159,2018-03-24,P159,3,party available assume
160,2018-07-17,P160,1,address design realize job
161,2018-08-08,P161,5,place country will my ask identify adult
162,2018-04-23,P162,3,charge already one get meet individual
163,2018-05-31,P163,1,through language class color present
164,2018-07-28,P164,2,fund wish every they sort
165,2018-06-14,P165,1,general baby whom head later program any
166,2018-02-18,P166,1,loss wife experience study drive
167,2018-02-04,P167,1,report thank use out something executive form
168,2018-07-31,P168,3,wrong interest need their fire
169,2018-06-13,P169,1,listen think mean energy
170,2018-06-06,P170,4,many live hour measure
171,2018-02-21,P171,1,feeling between single range beautiful article
172,2018-08-18,P172,2,mean her around style
173,2018-08-15,P173,5,program talk democratic front
174,2018-06-06,P174,2,decade everything stay almost
175,2018-03-04,P175,4,tend myself discussion carry authority for just newspaper
176,2018-06-22,P176,1,collection happy city war
177,2018-02-03,P177,5,third cover financial court response
178,2018-02-15,P178,3,generation fall season eye call whatever authority
179,2018-05-12,P179,2,have figure represent join board get word
180,2018-02-17,P180,2,remember drive himself huge education sometimes
181,2018-05-13,P181,5,let purpose listen place
182,2018-06-10,P182,2,husband read sound group black black compare
183,2018-01-25,P183,3,technology game above be
184,2018-05-24,P184,3,these radio many prove bad
185,2018-04-12,P185,4,outside executive around make but
186,2018-03-06,P186,3,including either go soldier form amount
187,2018-02-07,P187,5,really church term indeed ahead wind mrs
188,2018-03-08,P188,4,mind determine mother trouble fill
189,2018-03-02,P189,2,by at raise during church player even
190,2018-07-23,P190,2,develop finish station
191,2018-01-30,P191,4,husband from third agree record party
192,2018-02-07,P192,3,city someone meeting old
193,2018-08-14,P193,2,enjoy road hold machine
194,2018-07-07,P194,2,however industry from serve
195,2018-03-01,P195,2,pass soldier technology especially road
196,2018-07-03,P196,4,increase eat set suffer staff eye sea best
197,2018-03-21,P197,3,detail middle ask my
198,2018-03-07,P198,1,home answer order today he itself top
199,2018-01-09,P199,4,during pm culture
200,2018-07-01,P200,3,method total measure reason modern figure
201,2018-02-16,P201,1,think offer hold skin week may
202,2018-04-14,P202,1,issue because crime professor area front
203,2018-08-03,P203,1,environmental close population traditional method dinner strategy
204,2018-04-08,P204,2,customer heavy purpose whose market idea
205,2018-07-31,P205,4,success resource idea defense
206,2018-07-01,P206,2,prepare treat seven page when
207,2018-06-12,P207,2,quite court admit course score
208,2018-02-08,P208,2,man former suddenly live turn high road
209,2018-02-02,P209,2,box personal foot firm public
210,2018-07-15,P210,2,challenge body painting enough
211,2018-07-15,P211,5,top inside as easy pay but likely
212,2018-06-10,P212,4,toward which within also executive skin
213,2018-08-04,P213,2,young big manage
214,2018-04-19,P214,4,result talk challenge choose camera herself station
215,2018-01-25,P215,3,sure game page daughter
216,2018-03-24,P216,1,drug movie yes officer recognize agreement
217,2018-06-11,P217,5,western late accept still
218,2018-05-31,P218,1,generation measure single resource have event might investment
219,2018-02-05,P219,1,table wrong suggest level
220,2018-05-09,P220,5,hair seek audience group
221,2018-02-14,P221,1,little sign marriage until own
222,2018-02-26,P222,2,perform approach consider it
223,2018-02-15,P223,4,perform a cost similar science nature myself
224,2018-04-08,P224,5,clear condition mother fall million either student per
225,2018-08-24,P225,3,by movie subject magazine know evidence pm
226,2018-01-25,P226,5,action human home political good campaign eat
227,2018-03-22,P227,4,stand ok green song
228,2018-02-24,P228,5,book throw something situation then at beyond
229,2018-07-10,P229,4,question environmental carry option piece compare wonder if
230,2018-07-30,P230,2,decade back current interest thank marriage
231,2018-06-06,P231,2,finally together media final manage indicate like rule
232,2018-04-02,P232,3,strategy difference past hot western
233,2018-04-18,P233,1,which accept expect toward focus rate
234,2018-07-19,P234,1,part mean myself financial
235,2018-05-12,P235,2,firm music out
236,2018-07-19,P236,5,defense always he event mention matter
237,2018-02-02,P237,5,although type staff wall
238,2018-07-12,P238,3,shoulder score own white matter
239,2018-06-26,P239,1,door relationship third same reveal
240,2018-01-20,P240,1,century seek plant strong which sister new
241,2018-03-13,P241,4,crime heart say no employee
242,2018-06-08,P242,1,training anyone name radio half ground
243,2018-06-05,P243,5,ready student decision throw possible seek
244,2018-07-13,P244,4,behind pressure great step again rather
245,2018-08-10,P245,2,meet much now which thousand
246,2018-06-19,P246,3,morning these bring act generation herself later area
247,2018-05-09,P247,3,after station thousand leave nature star recently
248,2018-06-19,P248,3,station send glass through
249,2018-05-10,P249,4,box production spend glass alone hot whose
250,2018-01-19,P250,3,enter ever statement spring put might machine since
251,2018-05-19,P251,3,fund director general president fire any
252,2018-07-17,P252,3,local leader early food over pattern challenge
253,2018-02-08,P253,4,radio smile difficult capital
254,2018-05-21,P254,3,charge finish six operation already ready process
255,2018-08-16,P255,1,continue third yet
256,2018-07-03,P256,3,on smile fill population from yet
257,2018-02-08,P257,5,reveal after value adult
258,2018-03-09,P258,4,two ready camera
259,2018-03-15,P259,3,hot score source attorney between
260,2018-06-04,P260,2,important start where necessary camera quite recognize
261,2018-05-09,P261,2,democrat career sign charge beyond case
262,2018-01-22,P262,5,life best actually main past
263,2018-02-23,P263,1,plant question open put huge
264,2018-04-08,P264,4,week role development mr
265,2018-05-05,P265,2,term value majority bit road field
266,2018-08-16,P266,5,occur cup appear seven future well government argue
267,2018-01-29,P267,2,teach somebody car determine
268,2018-08-09,P268,5,should happy give although fear part resource
269,2018-03-26,P269,4,drug catch arrive that
270,2018-05-24,P270,3,follow everyone chance box move read
271,2018-02-13,P271,4,second model mother save forget respond
272,2018-03-27,P272,2,notice degree success majority
273,2018-01-26,P273,4,career including performance along increase ask strong
274,2018-08-05,P274,3,form drug cut science
275,2018-01-01,P275,4,four these loss chair decision quickly
276,2018-04-06,P276,2,must blue interview you poor site provide
277,2018-06-13,P277,4,section morning represent decade prevent floor
278,2018-01-28,P278,3,show to yet wish
279,2018-04-10,P279,5,require off since six
280,2018-07-17,P280,3,play court stage call at
281,2018-01-04,P281,2,head president agreement test life away issue
282,2018-07-08,P282,1,garden family quality my clear do
283,2018-04-15,P283,2,huge the race order by prevent very guy
284,2018-04-17,P284,4,watch notice or your me toward
285,2018-03-17,P285,5,compare behavior serve believe
286,2018-02-05,P286,4,you spring both many
287,2018-04-05,P287,1,cold many house soldier piece accept direction
288,2018-02-09,P288,4,perform stop career
289,2018-04-04,P289,3,movie lose ask coach
290,2018-08-01,P290,2,inside growth build century order near
291,2018-08-08,P291,4,play any science save traditional
292,2018-08-17,P292,1,study particular tell participant we back
293,2018-02-27,P293,4,name three each soon near together
294,2018-05-31,P294,2,response face base seem
295,2018-08-04,P295,4,couple figure between recently
296,2018-03-23,P296,2,several southern account book
297,2018-05-13,P297,3,animal loss war child
298,2018-04-17,P298,1,play teach lay indicate write opportunity throw
299,2018-07-25,P299,4,because certainly office market company traditional
300,2018-07-09,P300,4,traditional near population main place number
301,2018-08-07,P301,3,reveal movement specific today bad
302,2018-07-12,P302,4,glass throughout new something safe practice become
303,2018-02-08,P303,5,head financial smile try second friend
304,2018-08-01,P304,5,effort realize position myself live
305,2018-03-26,P305,4,officer simply especially together test sense idea
306,2018-02-25,P306,3,gun model benefit cup family kind
307,2018-01-21,P307,3,article you impact
308,2018-04-22,P308,2,perform attack real
309,2018-06-08,P309,4,simply yet environment skill property even
310,2018-07-06,P310,3,important itself run create specific race seven space
311,2018-03-27,P311,3,everyone reflect reason
312,2018-02-03,P312,2,attention fish best whole
313,2018-03-26,P313,4,company in light at chair
314,2018-04-25,P314,2,do door support religious travel take
315,2018-04-26,P315,5,today source hair manager year situation research
316,2018-01-09,P316,2,ball economy government under
317,2018-03-21,P317,2,reach around gas
318,2018-03-28,P318,4,cold sister reflect himself discuss
319,2018-05-19,P319,2,five meet support among though
320,2018-08-22,P320,1,major kid company rich in career popular
321,2018-07-02,P321,5,even body address reflect stay sense
322,2018-08-05,P322,2,hot first during expert available this agreement
323,2018-07-26,P323,3,if show they remember land very poor
324,2018-07-12,P324,3,we account prevent radio night
325,2018-01-29,P325,1,star ability arrive why price listen
326,2018-01-24,P326,3,some sea enjoy boy woman admit
327,2018-04-28,P327,2,build note who pass among provide factor leg
328,2018-06-26,P328,3,lawyer use value serious tough
329,2018-01-05,P329,3,would way all admit decide voice one skin
330,2018-04-30,P330,4,both chair democratic result serve shoulder admit
331,2018-08-22,P331,4,pass traditional similar value law
332,2018-03-12,P332,4,evidence describe notice radio movement worry
333,2018-06-08,P333,2,affect after according yes and
334,2018-08-11,P334,3,along important painting today american write
335,2018-03-13,P335,5,clear capital sell run challenge
336,2018-07-19,P336,3,start market set collection republican against
337,2018-03-26,P337,2,especially any series drop
338,2018-02-23,P338,3,nothing into garden black population
339,2018-04-25,P339,5,social difference alone
340,2018-07-03,P340,1,improve lead determine attack operation well focus
341,2018-01-08,P341,4,most able difference
342,2018-06-13,P342,4,debate store reveal would fact
343,2018-03-02,P343,1,television example night learn
344,2018-05-29,P344,3,executive campaign image bag a money more mind
345,2018-07-06,P345,2,price floor reality
346,2018-07-21,P346,4,animal concern wife similar election past top drive
347,2018-05-01,P347,4,establish attorney pull simply seat act
348,2018-03-20,P348,4,home politics assume defense
349,2018-08-13,P349,2,figure degree pretty several decide
350,2018-03-10,P350,4,recent pull activity red staff agent particular
351,2018-02-23,P351,5,we lawyer local public single size
352,2018-01-10,P352,4,oil another read my hear why rise
353,2018-06-01,P353,4,drive especially easy sport case heavy
354,2018-07-02,P354,1,anything suddenly positive painting operation director health
355,2018-01-20,P355,2,determine do shake owner carry
356,2018-07-28,P356,5,service discover upon open
357,2018-01-05,P357,5,plant fine still care
358,2018-01-19,P358,4,professor act responsibility travel discussion
359,2018-02-18,P359,5,available three entire resource of soldier
360,2018-06-30,P360,4,beautiful land behind wear project
361,2018-04-30,P361,1,sound long money create congress
362,2018-06-03,P362,2,recognize style cost return difficult
363,2018-07-11,P363,5,office standard laugh
364,2018-05-04,P364,4,score i various think
365,2018-05-30,P365,4,indicate chance training prevent happen
366,2018-06-22,P366,5,remember force sea notice pressure training word
367,2018-01-18,P367,1,important recognize agree they move
368,2018-07-06,P368,5,read fund wide somebody
369,2018-03-17,P369,1,wife outside bank player somebody note
370,2018-03-28,P370,1,fish instead brother listen glass suffer itself
371,2018-07-04,P371,5,reflect finish professional message join difficult police ball
372,2018-03-12,P372,3,style exist food way best quality check
373,2018-02-18,P373,2,road couple owner election computer region
374,2018-06-03,P374,5,guy number special age crime blue within
375,2018-07-16,P375,2,view key have care budget movement
376,2018-07-12,P376,1,better party maintain live year really
377,2018-01-17,P377,1,crime generation senior phone
378,2018-03-06,P378,4,road keep senior system talk board add
379,2018-04-06,P379,2,here believe price before
380,2018-07-24,P380,2,find answer rest city
381,2018-04-07,P381,3,laugh election civil determine situation
382,2018-07-11,P382,4,operation suggest full enjoy since
383,2018-07-12,P383,3,partner eat american suffer future through
384,2018-02-13,P384,4,our hand very analysis prove low yeah
385,2018-07-13,P385,2,executive leader stop early today official protect
386,2018-03-21,P386,2,market several help project i series
387,2018-03-01,P387,4,white player quality simple night down much these
388,2018-06-18,P388,1,wear pick animal behavior fact figure
389,2018-02-05,P389,4,some lose word store
390,2018-04-19,P390,1,central these today analysis her interview upon song
391,2018-08-16,P391,1,table garden future become we
392,2018-05-17,P392,4,lot skin piece listen administration
393,2018-01-09,P393,3,former eat type bar apply treatment
394,2018-04-06,P394,3,edge television could report less
395,2018-03-03,P395,1,he toward continue born inside
396,2018-03-13,P396,1,few each recognize table keep yeah
397,2018-03-16,P397,2,source writer employee rule public
398,2018-05-08,P398,1,including through ago
399,2018-02-20,P399,2,exactly how friend push
400,2018-07-07,P400,5,happy since too people
401,2018-04-18,P401,1,suddenly difference go cut feel thus debate
402,2018-07-02,P402,3,call common economic environmental often
403,2018-04-07,P403,3,may anything here citizen write shoulder
404,2018-06-14,P404,3,check democrat card partner
405,2018-01-09,P405,5,school article skill toward daughter black increase
406,2018-06-24,P406,3,note medical at plan expect never
407,2018-01-06,P407,3,meeting trip environment black past
408,2018-08-22,P408,1,serve would lead decide structure military admit bit
409,2018-07-19,P409,2,market piece cultural attention job sing
410,2018-03-21,P410,2,behind fear effort rich real raise government
411,2018-02-16,P411,1,tv listen until relate bank
412,2018-07-20,P412,2,develop oil goal film over lose
413,2018-01-19,P413,2,push expert hospital heavy ahead lot
414,2018-03-15,P414,5,impact join entire range four somebody
415,2018-01-28,P415,1,truth rise religious partner well
416,2018-03-06,P416,4,wish talk who
417,2018-06-23,P417,3,contain too garden walk account north
418,2018-06-27,P418,3,born trip college end behavior health onto response
419,2018-06-30,P419,5,wall allow campaign day popular collection score
420,2018-01-17,P420,5,establish so act accept country
421,2018-06-15,P421,3,specific cut attention box stuff avoid
422,2018-05-01,P422,3,concern perhaps phone the four
423,2018-06-08,P423,2,seem leg baby none art bad but amount
424,2018-01-15,P424,4,over really development to top
425,2018-05-06,P425,2,really bag few ball few sell radio
426,2018-05-13,P426,2,certain art consider forward deep indicate
427,2018-08-07,P427,5,fall call catch community five
428,2018-04-01,P428,5,throughout tend relate attention artist
429,2018-08-17,P429,3,each simply or whose arrive result half bed
430,2018-03-17,P430,5,almost indicate who walk turn
431,2018-01-29,P431,2,guy follow stay imagine white mother
432,2018-02-09,P432,2,picture positive deal value
433,2018-05-03,P433,4,page thing certain sister word us
434,2018-02-17,P434,5,tv bank firm friend spring perform soldier
435,2018-03-15,P435,2,at safe interesting sense bag at
436,2018-08-19,P436,5,bad yourself go expect nature mention view claim
437,2018-01-20,P437,4,behavior community doctor as we if
438,2018-02-07,P438,4,week everything nothing economic call prevent modern sport
439,2018-04-25,P439,5,buy ago easy direction four or skin
440,2018-02-08,P440,1,hope brother goal whole
441,2018-01-10,P441,3,tend clear so camera must hear writer
442,2018-06-19,P442,3,ago race direction social
443,2018-06-14,P443,3,campaign entire skin board meeting
444,2018-08-02,P444,5,house several provide present
445,2018-01-07,P445,4,subject piece cold imagine remember program nothing until
446,2018-05-25,P446,1,company camera maybe teach trade seem
447,2018-03-01,P447,4,three standard effort baby past across
448,2018-02-05,P448,5,low plan friend ok seek impact arm window
449,2018-08-03,P449,5,trade scene home large order particular son
450,2018-07-28,P450,1,form mouth act just
451,2018-01-02,P451,4,story talk reveal radio
452,2018-06-27,P452,1,space easy wait
453,2018-04-28,P453,4,lose sea true throw after camera teacher
454,2018-06-01,P454,1,wait section note job apply fall
455,2018-06-21,P455,5,quickly history prevent effect specific whose eat allow
456,2018-06-12,P456,1,television painting since defense yard fine six second
457,2018-04-25,P457,2,media amount paper local believe government
458,2018-07-18,P458,5,hour capital property low
459,2018-06-15,P459,3,candidate service information traditional lead learn
460,2018-05-10,P460,1,wife focus play speak none not
461,2018-06-10,P461,5,commercial old later rule newspaper foot
462,2018-04-14,P462,4,goal onto national remember finish
463,2018-01-01,P463,5,memory individual wide space security edge least
464,2018-06-01,P464,5,drug single alone yet stock
465,2018-03-18,P465,1,sort kitchen since
466,2018-01-08,P466,1,lead reflect want smile last everybody
467,2018-06-14,P467,3,early head family morning often different
468,2018-08-19,P468,1,which project share scene recognize decision and quality
469,2018-04-30,P469,4,form local so though think ok culture wear
470,2018-03-02,P470,4,usually fine give garden business food
471,2018-07-18,P471,5,pattern prepare grow go speak
472,2018-07-28,P472,2,light necessary each any federal level food threat
473,2018-01-28,P473,4,statement ahead two raise about church
474,2018-06-21,P474,2,agree last use look hope baby
475,2018-07-30,P475,5,customer writer maintain new business camera
476,2018-04-14,P476,1,idea high idea fine
477,2018-04-03,P477,5,board quickly which soldier
478,2018-07-20,P478,3,stuff player figure likely lead race morning
479,2018-01-07,P479,2,structure pretty church challenge professional test
480,2018-08-05,P480,2,today leave left good public real
481,2018-08-14,P481,3,walk reason west month
482,2018-07-31,P482,1,nice part else huge project this
483,2018-02-15,P483,1,according drug challenge leg difference
484,2018-05-01,P484,4,need top high them
485,2018-08-21,P485,1,develop letter dog energy thing field republican thing
486,2018-08-22,P486,2,organization for try chair religious hotel
487,2018-04-07,P487,5,number best space easy camera
488,2018-01-28,P488,5,major artist about unit figure letter
489,2018-07-01,P489,3,hit thousand impact require herself adult
490,2018-08-03,P490,3,drive or business
491,2018-08-06,P491,3,throw individual daughter
492,2018-06-08,P492,3,candidate sometimes develop happy
493,2018-07-17,P493,4,business wear box network
494,2018-07-10,P494,1,sure physical interview on how
495,2018-08-18,P495,2,add unit thought
496,2018-02-18,P496,4,court look town report mean
497,2018-05-05,P497,3,would position party story key
498,2018-06-24,P498,4,and president sound key in force wish
499,2018-04-08,P499,2,where form fly
500,2018-02-15,P500,4,much power south name
